ALA,PAVILHÃO,GALERIA,PISO,TIPO_DE_RESIDENCIA,RESIDENCIA,CAPACIDADE,REGIME
MASCULINA,A,A,1,SEGURO,1,12,NÃO INFORMADO
MASCULINA,A,A,1,SEGURO,2,12,NÃO INFORMADO
MASCULINA,A,A,1,SEGURO,3,12,NÃO INFORMADO
MASCULINA,A,A,1,SEGURO,4,12,NÃO INFORMADO
MASCULINA,A,B,1,SEGURO,5,12,NÃO INFORMADO
MASCULINA,A,B,1,SEGURO,6,12,NÃO INFORMADO
MASCULINA,A,B,1,SEGURO,7,12,NÃO INFORMADO
MASCULINA,A,B,1,SEGURO,8,12,NÃO INFORMADO
MASCULINA,A,C,1,TRIAGEM,9,3,NÃO INFORMADO
MASCULINA,A,C,1,TRIAGEM,10,3,NÃO INFORMADO
MASCULINA,A,C,1,TRIAGEM,11,3,NÃO INFORMADO
MASCULINA,A,C,1,TRIAGEM,12,3,NÃO INFORMADO
MASCULINA,A,C,1,TRIAGEM,13,3,NÃO INFORMADO
MASCULINA,A,D,1,CELA ESPECIAL,14,3,NÃO INFORMADO
MASCULINA,A,D,1,TRIAGEM,15,3,NÃO INFORMADO
MASCULINA,A,D,1,TRIAGEM,16,3,NÃO INFORMADO
MASCULINA,A,D,1,TRIAGEM,17,3,NÃO INFORMADO
MASCULINA,A,D,1,TRIAGEM,18,3,NÃO INFORMADO
MASCULINA,B,A,1,SEGURO,1,8,PROVISÓRIO
MASCULINA,B,A,1,SEGURO,2,8,PROVISÓRIO
MASCULINA,B,A,1,SEGURO,3,8,PROVISÓRIO
MASCULINA,B,A,1,SEGURO,4,8,PROVISÓRIO
MASCULINA,B,A,1,SEGURO,5,8,PROVISÓRIO
MASCULINA,B,B,1,SEGURO,6,8,PROVISÓRIO
MASCULINA,B,B,1,SEGURO,7,8,PROVISÓRIO
MASCULINA,B,B,1,SEGURO,8,8,PROVISÓRIO
MASCULINA,B,B,1,SEGURO,9,8,PROVISÓRIO
MASCULINA,B,B,1,SEGURO,10,8,PROVISÓRIO
MASCULINA,B,C,1,CELA,11,8,PROVISÓRIO
MASCULINA,B,C,1,CELA,12,8,PROVISÓRIO
MASCULINA,B,C,1,CELA,13,8,PROVISÓRIO
MASCULINA,B,C,1,CELA,14,8,FECHADO
MASCULINA,B,D,1,CELA,15,8,FECHADO
MASCULINA,C,A,1,SEGURO,1,12,FECHADO
MASCULINA,C,A,1,SEGURO,2,12,FECHADO
MASCULINA,C,A,1,SEGURO,3,12,FECHADO
MASCULINA,C,A,1,SEGURO,4,12,FECHADO
MASCULINA,C,A,1,SEGURO,5,12,FECHADO
MASCULINA,C,A,1,SEGURO,6,12,FECHADO
MASCULINA,C,A,1,SEGURO,7,12,FECHADO
MASCULINA,C,A,1,SEGURO,8,12,FECHADO
MASCULINA,C,B,1,SEGURO,9,12,FECHADO
MASCULINA,C,B,1,SEGURO,10,12,FECHADO
MASCULINA,C,B,1,SEGURO,11,12,FECHADO
MASCULINA,C,B,1,SEGURO,12,12,FECHADO
MASCULINA,C,B,1,SEGURO,13,12,FECHADO
MASCULINA,C,B,1,SEGURO,14,12,FECHADO
MASCULINA,C,B,1,SEGURO,15,12,FECHADO
MASCULINA,C,B,1,SEGURO,16,12,FECHADO
MASCULINA,D,A,1,CELA,1,8,FECHADO
MASCULINA,D,A,1,CELA,2,8,FECHADO
MASCULINA,D,A,1,CELA,3,8,FECHADO
MASCULINA,D,A,1,CELA,4,8,FECHADO
MASCULINA,D,A,1,CELA,5,8,FECHADO
MASCULINA,D,A,1,CELA,6,8,FECHADO
MASCULINA,D,B,1,CELA,7,8,PROVISÓRIO
MASCULINA,D,B,1,CELA,8,8,PROVISÓRIO
MASCULINA,D,B,1,CELA,9,8,PROVISÓRIO
MASCULINA,D,B,1,CELA,10,8,PROVISÓRIO
MASCULINA,D,B,1,CELA,11,8,PROVISÓRIO
MASCULINA,D,B,1,CELA,12,8,PROVISÓRIO
MASCULINA,D,C,1,CELA,13,8,PROVISÓRIO
MASCULINA,D,C,1,CELA,14,8,PROVISÓRIO
MASCULINA,D,C,1,CELA,15,8,PROVISÓRIO
MASCULINA,D,C,1,CELA,16,8,PROVISÓRIO
MASCULINA,D,C,1,CELA,17,8,PROVISÓRIO
MASCULINA,D,D,1,CELA,18,8,PROVISÓRIO
MASCULINA,D,D,1,CELA,19,8,PROVISÓRIO
MASCULINA,D,D,1,CELA,20,8,PROVISÓRIO
MASCULINA,D,D,1,CELA,21,8,PROVISÓRIO
MASCULINA,D,D,1,CELA,22,8,PROVISÓRIO
MASCULINA,E,A,1,CELA,1,8,FECHADO
MASCULINA,E,A,1,CELA,2,8,FECHADO
MASCULINA,E,A,1,CELA,3,8,FECHADO
MASCULINA,E,A,1,CELA,4,8,FECHADO
MASCULINA,E,A,1,CELA,5,8,FECHADO
MASCULINA,E,A,1,CELA,6,8,FECHADO
MASCULINA,E,B,1,CELA,7,8,FECHADO
MASCULINA,E,B,1,CELA,8,8,FECHADO
MASCULINA,E,B,1,CELA,9,8,FECHADO
MASCULINA,E,B,1,CELA,10,8,FECHADO
MASCULINA,E,B,1,CELA,11,8,FECHADO
MASCULINA,E,B,1,CELA,12,8,FECHADO
MASCULINA,E,C,1,CELA,13,8,FECHADO
MASCULINA,F,F,1,ALOJAMENTO INTERNO,2,6,NÃO INFORMADO
MASCULINA,F,F,1,ALOJAMENTO INTERNO,3,14,NÃO INFORMADO
MASCULINA,F,F,1,ALOJAMENTO INTERNO,4,7,NÃO INFORMADO
MASCULINA,F,F,1,ALOJAMENTO INTERNO,5,10,NÃO INFORMADO
MASCULINA,F,F,1,ALOJAMENTO INTERNO,6,8,NÃO INFORMADO
MASCULINA,F,F,1,ALOJAMENTO INTERNO,7,10,NÃO INFORMADO
MASCULINA,T,B,1,ADAPTAÇÃO,1,0,NÃO INFORMADO
MASCULINA,T,B,1,ADAPTAÇÃO,2,0,NÃO INFORMADO
MASCULINA,T,B,1,ADAPTAÇÃO,3,0,NÃO INFORMADO
MASCULINA,T,B,1,ADAPTAÇÃO,4,2,NÃO INFORMADO
NÃO INFORMADA,A,A,1,ADAPTAÇÃO,0,0,NÃO INFORMADO
NÃO INFORMADA,T,A,1,ADAPTAÇÃO,0,0,NÃO INFORMADO